{"cameraMode":{"drawMode":0,"name":"Shaded","section":"Shading Mode"},"sceneLighting":true,"audioPlay":false,"sceneViewState":{"showFog":true,"showMaterialUpdate":false,"showSkybox":true,"showFlares":true,"showImageEffects":true,"showParticleSystems":true},"in2DMode":false,"pivot":{"x":1.5927141904830933,"y":0.4144313931465149,"z":-12.645475387573243},"rotation":{"x":-0.418415904045105,"y":-0.5722200274467468,"z":0.40494436025619509,"w":-0.5802320241928101},"size":16.907806396484376,"orthographic":true}